{"loss": [0.6976469159126282, 0.39802053570747375, 0.3234671652317047, 0.3025442361831665, 0.2883681058883667, 0.2751411199569702, 0.2663310766220093, 0.25989532470703125, 0.2541353106498718, 0.24937832355499268, 0.2468394935131073, 0.24173946678638458, 0.2396811693906784, 0.23721693456172943, 0.23504364490509033, 0.23390257358551025, 0.23222099244594574, 0.2299773097038269, 0.22874245047569275, 0.22903794050216675, 0.22746825218200684, 0.2263461947441101, 0.22571013867855072, 0.2251516729593277, 0.2254292517900467, 0.22323763370513916, 0.22402265667915344, 0.221237450838089, 0.2234223634004593, 0.22155964374542236, 0.22156667709350586, 0.22202453017234802, 0.22091639041900635, 0.21867792308330536, 0.2215600609779358, 0.22140352427959442, 0.22013719379901886, 0.21959128975868225, 0.21987871825695038, 0.22025997936725616, 0.2188083976507187, 0.21833373606204987, 0.2187120020389557, 0.21917185187339783, 0.21620872616767883, 0.21821559965610504, 0.21864454448223114, 0.21841765940189362, 0.21849676966667175, 0.21764948964118958], "val_loss": [0.38472622632980347, 0.2369668334722519, 0.2199619710445404, 0.21244853734970093, 0.20745064318180084, 0.20399628579616547, 0.2068004161119461, 0.20118877291679382, 0.1999216377735138, 0.20057962834835052, 0.1997935026884079, 0.1997135728597641, 0.1988469660282135, 0.20177596807479858, 0.1982947587966919, 0.20338955521583557, 0.19996193051338196, 0.19875384867191315, 0.2020110934972763, 0.202885702252388, 0.20098669826984406, 0.20419228076934814, 0.20048782229423523, 0.20095351338386536, 0.19875092804431915, 0.19972091913223267, 0.20134757459163666, 0.20795463025569916, 0.20039236545562744, 0.20476731657981873, 0.20017176866531372, 0.2001335322856903, 0.20203855633735657, 0.21008816361427307, 0.20153677463531494, 0.20279927551746368, 0.20293880999088287, 0.1998341977596283, 0.20450851321220398, 0.20101246237754822, 0.20026077330112457, 0.20420677959918976, 0.20183038711547852, 0.20405222475528717, 0.20879575610160828, 0.20576798915863037, 0.2007552981376648, 0.2024192214012146, 0.20636390149593353, 0.20208586752414703]}