{"loss": [1.0365374088287354, 1.012210726737976, 0.9920139908790588, 0.9662813544273376, 0.925463855266571, 0.8708568215370178, 0.8073059916496277, 0.7407198548316956, 0.6754747629165649, 0.6153645515441895, 0.5643137097358704, 0.521858811378479, 0.48869913816452026, 0.46264028549194336, 0.4421081840991974, 0.4255061745643616, 0.4123245179653168, 0.40166565775871277, 0.3920918107032776, 0.3844422996044159, 0.3769293427467346, 0.37052157521247864, 0.36484187841415405, 0.35901036858558655, 0.3539717495441437, 0.34844788908958435, 0.3438466787338257, 0.33937767148017883, 0.33488714694976807, 0.3308548927307129, 0.326447993516922, 0.32280850410461426, 0.31924688816070557, 0.3155401051044464, 0.31228822469711304, 0.30901002883911133, 0.3065098226070404, 0.303905725479126, 0.30130112171173096, 0.298803448677063, 0.2966255247592926, 0.29480797052383423, 0.2924049198627472, 0.29041269421577454, 0.2894202768802643, 0.2866722345352173, 0.2853860557079315, 0.2840753197669983, 0.28224003314971924, 0.2810105085372925], "val_loss": [0.68949294090271, 0.6732176542282104, 0.6568117141723633, 0.6299638748168945, 0.5897129774093628, 0.537383496761322, 0.4791724383831024, 0.42166078090667725, 0.3687976598739624, 0.32257264852523804, 0.2873780429363251, 0.2605961859226227, 0.2408970147371292, 0.22698386013507843, 0.21683059632778168, 0.20897530019283295, 0.20308226346969604, 0.19860076904296875, 0.19541971385478973, 0.1921309381723404, 0.18904328346252441, 0.18644414842128754, 0.18383856117725372, 0.1811709702014923, 0.17939043045043945, 0.17643053829669952, 0.17384248971939087, 0.17177827656269073, 0.17013783752918243, 0.16755665838718414, 0.16611914336681366, 0.16422820091247559, 0.16249370574951172, 0.16043055057525635, 0.1591072380542755, 0.15760640799999237, 0.15652649104595184, 0.15516813099384308, 0.1539800763130188, 0.15302035212516785, 0.15247496962547302, 0.1510540246963501, 0.15032939612865448, 0.1491294801235199, 0.14832131564617157, 0.1476254016160965, 0.14693202078342438, 0.1464518904685974, 0.1459307223558426, 0.14521101117134094]}