{"loss": [0.9392435550689697, 0.7825780510902405, 0.6229673027992249, 0.48071369528770447, 0.37026283144950867, 0.3036576807498932, 0.2747892737388611, 0.2636565566062927, 0.25936442613601685, 0.25698572397232056, 0.2559856176376343, 0.25665274262428284, 0.2549842894077301, 0.2537726163864136, 0.25295403599739075, 0.25240495800971985, 0.25204309821128845, 0.25174638628959656, 0.2510533332824707, 0.2503542900085449, 0.24935214221477509, 0.24918463826179504, 0.24804015457630157, 0.24759246408939362, 0.24795401096343994, 0.24702155590057373, 0.24666208028793335, 0.24609686434268951, 0.24685528874397278, 0.24576199054718018, 0.24499885737895966, 0.24622055888175964, 0.24422796070575714, 0.24421711266040802, 0.24357397854328156, 0.24381457269191742, 0.24441981315612793, 0.24372753500938416, 0.24427452683448792, 0.24307619035243988, 0.2441565990447998, 0.24276284873485565, 0.24295106530189514, 0.2426372915506363, 0.2434423267841339, 0.24275027215480804, 0.24214902520179749, 0.2427413910627365, 0.24156667292118073, 0.2418312281370163], "val_loss": [0.570892870426178, 0.45944303274154663, 0.3459288775920868, 0.2508244514465332, 0.18504562973976135, 0.15200917422771454, 0.1404801458120346, 0.13743852078914642, 0.1366860270500183, 0.13622182607650757, 0.13589763641357422, 0.1355370730161667, 0.13543963432312012, 0.13497155904769897, 0.13482537865638733, 0.1344444751739502, 0.13429421186447144, 0.1342635601758957, 0.13397447764873505, 0.13369089365005493, 0.1334589570760727, 0.13381971418857574, 0.13325707614421844, 0.1330089122056961, 0.13306333124637604, 0.13300186395645142, 0.1326688826084137, 0.13252446055412292, 0.13255833089351654, 0.1323333978652954, 0.13231950998306274, 0.13217683136463165, 0.13207310438156128, 0.1320020854473114, 0.13198405504226685, 0.13203702867031097, 0.13255058228969574, 0.13176968693733215, 0.13184624910354614, 0.13167314231395721, 0.13175474107265472, 0.13154350221157074, 0.13147509098052979, 0.13149486482143402, 0.13197630643844604, 0.13158702850341797, 0.1315501183271408, 0.13137225806713104, 0.13169598579406738, 0.13132332265377045]}