{"loss": [1.189578652381897, 1.0227233171463013, 0.8536801338195801, 0.7318114042282104, 0.6504952311515808, 0.5933278799057007, 0.5540485382080078, 0.5260132551193237, 0.5043395161628723, 0.4867340624332428, 0.47170910239219666, 0.4587375819683075, 0.44677767157554626, 0.43532511591911316, 0.42577722668647766, 0.4164312779903412, 0.40902847051620483, 0.4013737440109253, 0.3946978449821472, 0.38807913661003113, 0.3819369375705719, 0.37591466307640076, 0.36977410316467285, 0.3642440140247345, 0.3576597571372986, 0.3513152599334717, 0.3444697856903076, 0.3368832767009735, 0.32970985770225525, 0.32291436195373535, 0.3158561587333679, 0.3085958659648895, 0.30217328667640686, 0.2966715395450592, 0.2913651764392853, 0.286446213722229, 0.28154411911964417, 0.2780217230319977, 0.2736704349517822, 0.2707420885562897, 0.2668096721172333, 0.2658463716506958, 0.26298823952674866, 0.26126155257225037, 0.25831174850463867, 0.25556042790412903, 0.2552981972694397, 0.2532387971878052, 0.2505526542663574, 0.2488427609205246], "val_loss": [0.9504616856575012, 0.7876094579696655, 0.6466313004493713, 0.5531600713729858, 0.4867893159389496, 0.44096678495407104, 0.4083588719367981, 0.38502898812294006, 0.36639565229415894, 0.3514229953289032, 0.3389667272567749, 0.32810917496681213, 0.3175753057003021, 0.30835050344467163, 0.3004932105541229, 0.2941133677959442, 0.2858242392539978, 0.27910372614860535, 0.2730773687362671, 0.26804155111312866, 0.2620232403278351, 0.2559901177883148, 0.2506854832172394, 0.2462746798992157, 0.24114865064620972, 0.23824714124202728, 0.23289617896080017, 0.22941413521766663, 0.2279164046049118, 0.22522170841693878, 0.2226460725069046, 0.2193194180727005, 0.21813559532165527, 0.21594621241092682, 0.21452844142913818, 0.21306610107421875, 0.21377882361412048, 0.21062542498111725, 0.21350841224193573, 0.21215547621250153, 0.21376881003379822, 0.20716862380504608, 0.20825551450252533, 0.20635579526424408, 0.20536699891090393, 0.21778316795825958, 0.20419783890247345, 0.20338232815265656, 0.20737098157405853, 0.20711791515350342]}