{"loss": [1.1484920978546143, 0.9564209580421448, 0.7597557306289673, 0.5770683884620667, 0.4307931959629059, 0.3301698863506317, 0.27200859785079956, 0.24451418220996857, 0.23063190281391144, 0.22452297806739807, 0.22132942080497742, 0.21777667105197906, 0.21500538289546967, 0.21260078251361847, 0.2103259116411209, 0.2091289609670639, 0.20750097930431366, 0.20599998533725739, 0.2044859081506729, 0.20267847180366516, 0.20118606090545654, 0.20047084987163544, 0.19903990626335144, 0.19937141239643097, 0.1965557485818863, 0.19529344141483307, 0.19536630809307098, 0.1938544064760208, 0.19341592490673065, 0.19204604625701904, 0.19267942011356354, 0.1910695880651474, 0.19176428020000458, 0.18933768570423126, 0.1903170347213745, 0.1896456480026245, 0.1888720542192459, 0.18847958743572235, 0.18727348744869232, 0.1874161958694458, 0.1860828846693039, 0.1864043027162552, 0.1859317570924759, 0.1862798035144806, 0.18481148779392242, 0.18535581231117249, 0.18583470582962036, 0.1848008632659912, 0.18460090458393097, 0.1846330314874649], "val_loss": [0.5717946290969849, 0.45314526557922363, 0.335949569940567, 0.23835206031799316, 0.17079563438892365, 0.1333714723587036, 0.12123297154903412, 0.12081404775381088, 0.12276166677474976, 0.12585003674030304, 0.12553761899471283, 0.12619756162166595, 0.1266193687915802, 0.12703421711921692, 0.12479875236749649, 0.12372738122940063, 0.12416386604309082, 0.12172168493270874, 0.12182025611400604, 0.12060616910457611, 0.12110419571399689, 0.12167689949274063, 0.11893727630376816, 0.11949662119150162, 0.11951162666082382, 0.11908674240112305, 0.11829616874456406, 0.11912175267934799, 0.1174975261092186, 0.11832215636968613, 0.11748464405536652, 0.11680978536605835, 0.11853224039077759, 0.11691939830780029, 0.11686625331640244, 0.11762575060129166, 0.11724410951137543, 0.11566619575023651, 0.11683621257543564, 0.11696995794773102, 0.1162663921713829, 0.11491872370243073, 0.11483508348464966, 0.11424122005701065, 0.11572781950235367, 0.11486358940601349, 0.11538077890872955, 0.11449762433767319, 0.11350898444652557, 0.11424340307712555]}