{"loss": [1.6045475006103516, 1.5067685842514038, 1.4178731441497803, 1.3367527723312378, 1.2654117345809937, 1.202970027923584, 1.1476861238479614, 1.092824101448059, 1.0372366905212402, 0.980342447757721, 0.9251213073730469, 0.8731253743171692, 0.8255595564842224, 0.7820062041282654, 0.7424242496490479, 0.706352174282074, 0.6733540296554565, 0.643798291683197, 0.6153547167778015, 0.5899360775947571, 0.5665178298950195, 0.5458011031150818, 0.525905191898346, 0.5080603361129761, 0.4918085038661957, 0.4773523807525635, 0.46397459506988525, 0.45172083377838135, 0.4406760632991791, 0.43036147952079773, 0.42066654562950134, 0.41220495104789734, 0.40356168150901794, 0.3960917890071869, 0.3891112506389618, 0.38274407386779785, 0.3764892816543579, 0.3707607388496399, 0.3653405010700226, 0.35995155572891235, 0.3553348779678345, 0.35071808099746704, 0.34618276357650757, 0.34172290563583374, 0.33758482336997986, 0.33398348093032837, 0.33028513193130493, 0.32665514945983887, 0.3231273293495178, 0.3198208510875702], "val_loss": [0.8642584085464478, 0.7984841465950012, 0.7452147603034973, 0.7027515769004822, 0.669623613357544, 0.641206681728363, 0.6122714281082153, 0.5813434720039368, 0.5477752089500427, 0.5133541226387024, 0.48027634620666504, 0.4474408030509949, 0.4171801209449768, 0.39026159048080444, 0.3635615408420563, 0.3401840925216675, 0.3186001479625702, 0.29949963092803955, 0.28147754073143005, 0.2657790780067444, 0.25151389837265015, 0.23872728645801544, 0.2278069704771042, 0.21741588413715363, 0.2085806429386139, 0.2010798454284668, 0.19417905807495117, 0.18794561922550201, 0.18254683911800385, 0.17787954211235046, 0.17384010553359985, 0.17014245688915253, 0.16696563363075256, 0.1638931930065155, 0.16141073405742645, 0.1592324823141098, 0.15715999901294708, 0.15524666011333466, 0.15361350774765015, 0.15184007585048676, 0.1504044234752655, 0.14899805188179016, 0.14764174818992615, 0.14642855525016785, 0.14508573710918427, 0.14387378096580505, 0.14277102053165436, 0.14173200726509094, 0.14067570865154266, 0.13971927762031555]}